"id","title","url","score"
"cd2m0m","ATTENTION - YOU, YES YOU","https://www.reddit.com/r/memes/comments/cd2m0m/attention_you_yes_you/","10072"
"def091","Find me Oct 8, get a special flair :)","https://i.imgur.com/isQFv0V.jpg","752"
"deidxf","And the rest of the redditors","https://i.redd.it/dgx7qn7fy3r31.jpg","60760"
"deiwci","It do be like that","https://i.redd.it/q1b5xszt64r31.jpg","22602"
"dei6cv","Heâ€™s not bad, guys","https://i.redd.it/8ff637lku3r31.jpg","34610"
"dej271","He run so fast","https://i.redd.it/sne9d3kg94r31.jpg","16940"
"dejfk8","Everyone at 7 years old","https://i.redd.it/hsixgj13f4r31.jpg","11403"
"dejoyh","ppl r dumb","https://i.redd.it/op6jn5ezi4r31.jpg","8286"
"deilng","Here we go","https://i.redd.it/b8wl4fs024r31.jpg","17335"
"dej6n3","As a man i can confirm","https://i.redd.it/0ky1u7v8b4r31.jpg","8887"
"dehvqf","It scares me","https://i.redd.it/2bud7tc6p3r31.jpg","23324"
"deibhq","Destruction 100","https://i.redd.it/c0e3fj97x3r31.jpg","14574"
"dehvbo","doctorapplememe.png","https://i.redd.it/yan5zwvzo3r31.jpg","22587"
"dei2wb","""Learn to speak Vietnamese in just 5 minutes a day!""","https://i.redd.it/hmycwfqts3r31.jpg","19477"
"dej6xy","Greetings, traveler. Look at this meme","https://i.redd.it/gm5l4kcgb4r31.jpg","8252"
"deju7u","oh boy, here we go again","https://i.redd.it/ythcbag3l4r31.jpg","5337"
"dejww9","Heckin bots","https://i.redd.it/6akdypp4m4r31.jpg","4073"
"deh7a5","It be like dat","https://i.redd.it/bhetbw9ta3r31.jpg","37480"
"dehpxu","aah! the good old games...","https://i.redd.it/ds2opmntl3r31.jpg","20113"
"dejuzq","He tried","https://i.redd.it/kc7j5lhfl4r31.jpg","4161"
"del6et","He got a point","https://i.redd.it/xgimhqwx25r31.jpg","1887"
