id,title,url,score,updated
b7ia84,Join the official /r/Meme Discord server!,https://discord.gg/GA7B7tg,676,True
d8wq3q,"Rule #10 No mention of Karma, Upvotes, Downvotes or Cakedays. Rule #9 All memes must follow a general meme setup.",https://www.reddit.com/r/meme/comments/d8wq3q/rule_10_no_mention_of_karma_upvotes_downvotes_or/,70,True
derkge,"If you get this, you are a nice human",https://i.redd.it/9um3kibpc7r31.jpg,8051,True
derqqj,Oof,https://i.redd.it/sgvcnth6f7r31.jpg,879,False
des3h2,Make it a Grande,https://i.redd.it/xsv3k2oik7r31.jpg,559,False
deostc,Made me laugh just a little thought I‚Äôd share it,https://i.redd.it/zxx10sltc6r31.jpg,1306,False
dejhqe,Dank af,https://i.redd.it/djv2w001g4r31.jpg,11352,False
deqddz,Vatican's archives raid,https://i.redd.it/huszkmdhw6r31.jpg,657,False
deo5xw,--_(~_~]_--,https://i.redd.it/xshi8jsw46r31.jpg,1101,False
deo43j,yoz,https://i.redd.it/sinvdl7846r31.jpg,824,False
devfva,I will teach you the spooky,https://i.redd.it/d0wvqi6z19r31.jpg,110,False
den4v6,"Its true,but he shouldnt say it.",https://i.redd.it/hb43jeavr5r31.jpg,1006,False
dewcj0,Can anyone else relate to this?,https://i.redd.it/fsuywmguk9r31.jpg,66,False
devwrb,Don't ever,https://i.redd.it/ita1qz9ob9r31.jpg,72,False
dem8kj,When they say that government doesn't watch you,https://i.redd.it/v50p8gdng5r31.jpg,907,False
desulx,this happens so much,https://i.redd.it/cuza3u0ov7r31.jpg,165,False
deps1v,.,https://i.redd.it/ro2eps3yo6r31.jpg,321,False
dewlfc,Reeeeeeee,https://i.redd.it/0jwdoca8q9r31.jpg,47,False
deuyor,It‚Äôs true,https://i.redd.it/mxw6wkn1t8r31.jpg,85,False
devrae,Bruh,https://i.redd.it/acevsgud89r31.png,59,False
del23f,I love the slogan,https://i.redd.it/51vpnvaf15r31.png,908,False
dejkux,Hi Carl!,https://i.redd.it/tifyv1tah4r31.png,1542,False
deuqdb,PlayStation 100,https://i.redd.it/in4v33h0p8r31.jpg,76,False
deuu1z,For intellectuals,https://i.redd.it/90wacb1uq8r31.jpg,68,False
dendjt,iRonman,https://i.redd.it/lueczx8wu5r31.jpg,413,False
dei52j,Condom,https://i.redd.it/zxkdfs1zt3r31.jpg,2671,False
det9k2,My friend is a drop out,https://i.redd.it/qw6aygwo18r31.jpg,102,False
devhw8,The ultimate discovery,https://i.redd.it/bly3oak139r31.jpg,55,False
desanx,Love the diversity of Reddit,https://i.redd.it/vfdtirjfn7r31.jpg,115,False
devzfg,"Yes, I'm very sure",https://i.redd.it/swgb5wr5d9r31.jpg,41,False
degicc,Bitter Truth,https://i.redd.it/zobvrjmhv2r31.jpg,6335,False
det8fa,:),https://i.redd.it/orrcqz3818r31.jpg,86,False
deqx4j,:),https://i.redd.it/9er1u3an37r31.jpg,151,False
desrem,F,https://i.redd.it/h7ft5djeu7r31.jpg,95,False
demzif,No cap,https://i.redd.it/j271rcszp5r31.jpg,355,False
dev74a,Made me laugh so here it is (credits to u/FlySupaFly) P.S. if ur seeing this thanks,https://i.redd.it/pbcdhseax8r31.jpg,49,False
dewn4l,True story,https://i.redd.it/tfdm2bnar9r31.jpg,29,False
dek758,People say I can't learn english with memes.,https://i.redd.it/atrjndj0q4r31.png,738,False
des4y6,What a man....,https://i.redd.it/pj0enl99l7r31.jpg,104,False
degvvy,Wow,https://i.redd.it/zkk9fa6c43r31.jpg,3880,False
dehs1i,Karen please,https://i.redd.it/xukazua2n3r31.jpg,2218,False
devxse,My phone dies so quick bruh,https://i.redd.it/9ebtkvvac9r31.jpg,37,False
dev6jd,"Youtube, get some help",https://i.redd.it/oturk704x8r31.jpg,48,False
deso87,Up. Me if u get it üòÑ,https://i.redd.it/ighu6vs1t7r31.jpg,88,False
deuqo4,Ligma balls,https://i.redd.it/35kizkc5p8r31.jpg,45,False
devwid,It's true!!,https://i.redd.it/4alkqipib9r31.jpg,34,False
desfst,So true,https://i.redd.it/jf7t0m9kp7r31.jpg,92,False
deosll,it probably got nuked,https://i.redd.it/9haeyapqc6r31.jpg,209,False
dex0cd,Well..,https://i.redd.it/h6m2msfyz9r31.jpg,22,False
deul34,Hmm yes it worked,https://i.redd.it/lvg4xbylm8r31.jpg,53,False
devpac,Finally find,https://i.redd.it/7wzblc4779r31.jpg,37,False
dew4x1,What boys really want,https://i.redd.it/q4619pibg9r31.jpg,30,False
dewfgc,Always wrong.,https://i.redd.it/kvfiibpnm9r31.jpg,27,False
dewucn,RIP,https://i.redd.it/7qvcabt4w9r31.jpg,22,False
deofaf,uuhhhhhhhh,https://i.redd.it/d82n221686r31.jpg,218,False
dewr01,They died out...,https://i.redd.it/n1isaexvt9r31.jpg,23,False
dew7j9,Oops,https://i.redd.it/oet143uvh9r31.jpg,28,False
dewyqf,Why not,https://i.redd.it/l4su8zmxy9r31.jpg,21,False
dew2jn,The prophecy is true,https://i.redd.it/8gwowrzwe9r31.jpg,28,False
deihvs,Sweet home Alabama,https://i.redd.it/tzim3y4a04r31.png,1079,False
dehhol,Same...,https://i.redd.it/eyb1t552h3r31.jpg,1889,False
devhva,Is that true,https://i.redd.it/rt008nz039r31.jpg,38,False
devb3o,I miss this meme,https://i.redd.it/yvr31g5kz8r31.jpg,36,False
devtie,‚Ñ¢Ô∏è,https://i.redd.it/ue40mdrp99r31.jpg,29,False
dev0v9,"Suck it, DAD",https://i.redd.it/5sdiaug6u8r31.jpg,39,False
dewerr,Time to go spooky,https://i.redd.it/2rx66nh7m9r31.jpg,24,False
devunp,Amen. *drinks wine*,https://i.redd.it/4vhohtuea9r31.jpg,29,False
deqwne,Well...,https://i.redd.it/3o0zuqig37r31.jpg,112,False
devdbf,If you know you know,https://i.redd.it/6sv5987q09r31.jpg,30,False
deisrt,ive got a gun jeremy,https://i.redd.it/fx6xzd2954r31.png,964,False
dews21,Hello,https://i.redd.it/jh3tzjlku9r31.jpg,19,False
dew9jz,It doesn‚Äôt apply to lizards though,https://i.redd.it/eibau8m2j9r31.jpg,25,False
deib4q,r/FunnyMemeSpot,https://i.redd.it/8qpug9itw3r31.jpg,915,False
devf4i,Somebody said they miss the flex tape meme,https://i.redd.it/yzyubmlo19r31.jpg,37,False
des82x,"well, it is spooktober.",https://i.redd.it/9np7f4ffm7r31.jpg,74,False
deoje7,Why...,https://i.redd.it/5041y4wi96r31.jpg,171,False
deeccg,Meme arts,https://i.redd.it/v2y99q2km1r31.jpg,11162,False
dev8yc,Drugs or just plain mental,https://i.redd.it/ebfm7ay8y8r31.jpg,35,False
demkxd,Askin for it,https://i.redd.it/wxieu3ywk5r31.jpg,270,False
deve37,"do that nose thing for me, please",https://i.redd.it/jog9bgz419r31.png,28,False
detgxw,Evil,https://i.redd.it/7b5m4lu358r31.jpg,49,False
den8vm,Mhm,https://i.redd.it/25zkkb79t5r31.jpg,226,False
dep3bo,*buzzing noise*,https://i.redd.it/grjrxfkcg6r31.jpg,143,False
dex5bk,Hero we need but don't deserve,https://i.redd.it/gfd0euv33ar31.jpg,15,False
devkrs,Sadly enough it's true,https://i.redd.it/piqrb42n49r31.png,29,False
devnu4,Is it normal?,https://i.redd.it/5p4ivgyd69r31.jpg,27,False
dew4cy,stonkio.com,https://i.redd.it/abijsv50g9r31.jpg,20,False
devbnc,Mam√°s spaghetti,https://i.redd.it/feepzoluz8r31.jpg,28,False
deqogm,Hmm,https://cdn.discordapp.com/attachments/611234429805002762/630745019988574208/d415ed0.jpg,95,False
deuzf3,Lol,https://i.redd.it/hq2lra5ft8r31.jpg,31,False
devqwj,She‚Äôs at it again.,https://i.redd.it/p8wj778589r31.jpg,25,False
dev15n,"Tried something, have a good spooktober amigos",https://i.redd.it/i0629robu8r31.jpg,29,False
devhl9,oh shit,https://i.redd.it/4ua866wu29r31.jpg,28,False
devprv,We never know a meme is dying until it's dead,https://i.redd.it/fh1son1i79r31.jpg,24,False
dewoxs,Me irl,https://i.redd.it/td2h9pmjs9r31.jpg,17,False
demmc9,That could be me,https://i.redd.it/38zwxpyel5r31.jpg,221,False
dew6s8,"my cat is happy about her life, yey",https://i.redd.it/l7d90goeh9r31.jpg,18,False
devegr,i must re-live this meme if only for a moment,https://i.redd.it/x8u23cbcqvk31.jpg,23,False
dew15g,Buckaroo a messgae for ya,https://i.redd.it/xz0ebzd5e9r31.jpg,21,False
dewyml,Best thing ever,https://i.redd.it/xc80cuuuy9r31.jpg,14,False
ddplqk,[Mod] Autumn Spotify playlist song suggestions,https://www.reddit.com/r/teenagers/comments/ddplqk/mod_autumn_spotify_playlist_song_suggestions/,231,False
dd8ym2,I'm a therapist and I'm here to answer your questions about mental health and therapy. AMA!,https://www.reddit.com/r/teenagers/comments/dd8ym2/im_a_therapist_and_im_here_to_answer_your/,6968,False
dev7t8,Help me out!,https://i.redd.it/nzx86b8tx8r31.jpg,21081,False
desofy,A lot of people make fun of me for my anorexia. That doesn‚Äôt mean that I can‚Äôt show them up at homecoming,https://i.redd.it/mzc9n535t7r31.jpg,9763,False
derccd,It really be like that,https://i.redd.it/evbtixsk97r31.jpg,14872,False
deodwo,I met Michael Rosen,https://i.redd.it/up8q7o0m76r31.jpg,46510,False
dep5us,"Gotta apperciate your teacher, they have lives too.",https://i.redd.it/seyrp0r7h6r31.jpg,20829,False
deqyf5,anyone else,https://i.redd.it/fzyhxnk347r31.png,6741,False
desfta,My dad solved it by leaving,https://i.redd.it/t2bhp1xjp7r31.jpg,1801,False
deq7k4,Every time,https://i.redd.it/wy0klk3eu6r31.jpg,6092,False
dev8ee,Bamboozling update!,https://i.redd.it/he5nu9o4y8r31.jpg,669,False
detc6a,I've got a special announcement...,https://i.redd.it/m5k66g5s28r31.jpg,1260,False
descap,When you draw a spooky meme but now one updoots,https://i.redd.it/3qs1jve3o7r31.png,2476,False
den44l,Mom vs. Dad,https://i.redd.it/m1myfdglr5r31.jpg,12278,False
dek81q,Mission : Pass the class,https://i.redd.it/wg8t8fmeq4r31.jpg,41102,False
devy61,If this post acquires 20 orange arrows my friend will wear all these scrunchies to school. Plz help me,https://i.redd.it/p1rpdithc9r31.png,304,False
deqrhz,We live in a society,https://i.redd.it/cyemwy1l17r31.jpg,1494,False
depojp,Oh yeah,https://i.redd.it/kawe2xson6r31.jpg,2437,False
denont,I haven‚Äôt missed a day this year for the first time ever,https://i.redd.it/ppei7jluy5r31.jpg,5893,False
detp3b,F in the chat for our 113+ friends.,https://i.redd.it/58qm0fym88r31.jpg,561,False
devkgx,It's my birthday everyone!,https://i.redd.it/l5hc3pjg49r31.png,318,False
deujpq,Classroom in a nutshell,https://i.redd.it/bsltdhozl8r31.jpg,402,False
demnul,yOU'rE oN tHat ToO mUcH,https://i.redd.it/245mpoixl5r31.jpg,7229,False
depqqe,He does exist,https://i.redd.it/5b4wwe4ho6r31.jpg,1435,False
dekk8v,This sub in a nut shell,https://i.redd.it/j00dbkvyu4r31.png,22659,False
denuh1,Ahah don‚Äôt worry guys,https://i.redd.it/o9ectszv06r31.jpg,2846,False
demm7z,Completely stolen from r/memes but I think it belongs here,https://i.redd.it/7lgz7vwcl5r31.jpg,5742,False
den9b6,Finally something that explains how I feel,https://i.redd.it/vob1lnedt5r31.jpg,3131,False
del0k9,Hahaha visible tears,https://i.redd.it/dnnihoxs05r31.jpg,11622,False
deo5uo,Happens to the best of us.,https://i.redd.it/88dc2lav46r31.jpg,1720,False
deoync,it's a fine line guys,https://i.redd.it/cfngoqhpe6r31.png,1366,False
dekxst,very sad indeed,https://i.redd.it/esiiqx0uz4r31.jpg,10190,False
dems8b,It be like that sometimes,https://i.redd.it/w5oyjeten5r31.jpg,2591,False
deltx8,"Seriously though, we need to fix this planet...",https://i.redd.it/assamjmeb5r31.jpg,4024,False
deifwf,Squad up,https://i.redd.it/29pu32pez3r31.jpg,28611,False
desoqk,Don't tell me you didn't hear it at least once,https://i.redd.it/ak3up48at7r31.jpg,366,False
dej1t5,I am officially no longer a teenager. I can no longer relate to any of you hormone-driven lunatics. Peace out.,https://i.redd.it/kyo0r4y994r31.jpg,16954,False
dekzyc,"My uncle got me this as a joke, little did he know he got me 7 karma",https://i.redd.it/wtxq2dgj05r31.jpg,5220,False
deo8i5,My friend met the man himself!,https://i.redd.it/kgdtgfst56r31.jpg,1188,False
deheis,True story,https://i.redd.it/r5vzmxn6f3r31.jpg,44010,False
dekxrc,High school bathrooms,https://i.redd.it/ffaw9iltz4r31.png,3543,False
dek7t3,All i do is count racks,https://i.redd.it/1f8crt5bq4r31.jpg,5337,False
deodfe,I found one of these bad boys at my friends house,https://i.redd.it/m3estybi76r31.jpg,927,False
deiovh,Guys i have bad news,https://i.redd.it/tk4ot0si34r31.jpg,14817,False
dej6sw,This is me,https://i.redd.it/swp9ao9eb4r31.jpg,8891,False
depgq6,i discovered the sex with your mom,https://i.redd.it/b8hicj7yk6r31.jpg,640,False
dew5mg,This is a bruh moment/10,https://i.redd.it/7l09vb4qg9r31.jpg,107,False
deikot,I get my friend with this every time.,https://i.redd.it/qjdchhkj14r31.png,12791,False
dek6ku,It be lke that,https://i.redd.it/qmdiofztp4r31.jpg,4396,False
depdl4,How to be basic,https://i.redd.it/f19uaoxwj6r31.jpg,627,False
deoex3,Thank you,https://i.redd.it/ue4jg0i186r31.jpg,752,False
deqjtv,creative title,https://i.redd.it/00gg46zqy6r31.png,447,False
del2m8,Those are the real MVPs,https://i.redd.it/e9v2ohrl15r31.jpg,2131,False
deo5kf,you get the limo out front,https://i.redd.it/aqs3a33o46r31.png,733,False
dekc7q,Think of the children!,https://i.redd.it/gbjrpxuzr4r31.jpg,2872,False
depstz,more memes,https://i.redd.it/lc7z4gh8p6r31.jpg,489,False
denzqo,I know this format is kinda dead but I thought this would be a nice meme,https://i.redd.it/08gpjsjr26r31.jpg,693,False
dev9y3,Update 3,https://i.redd.it/wz90c2qwy8r31.jpg,105,False
dekwrv,RIP Summer,https://i.redd.it/0r9y4yqez4r31.jpg,1542,False
deic1p,schools these days..,https://i.redd.it/ibanz7xgx3r31.jpg,6436,False
deik3r,The difference (repost cuz I forgot the flair),https://i.redd.it/8owxn03b14r31.jpg,4908,False
dewh90,yOu uSe tHaT tHiNg tOo mUcH,https://i.redd.it/n0jqoeann9r31.jpg,63,False
depqkz,There's too much work I can't afford to miss,https://i.redd.it/3b1s0q1fo6r31.jpg,384,False
devsuo,aye aye captain,https://i.redd.it/3x1dzhib99r31.jpg,76,False
deuqh8,I feel attacked,https://i.redd.it/1w09mf13p8r31.jpg,105,False
dewq65,Vibe check tho,https://i.redd.it/75i1e4jbt9r31.jpg,51,False
dendj9,It's the truth,https://i.redd.it/ltav4yqwu5r31.png,609,False
det7l1,I'm seeing a lot of patterns here and I don't like it,https://i.redd.it/4d7ibcdw08r31.jpg,152,False
devzmr,the stress is too much,https://i.redd.it/uwqolrt9d9r31.jpg,67,False
deuyxp,Hey can we all not kill the earth so my nephew can grow up on a stable planet thanks,https://i.redd.it/l0szlg66t8r31.jpg,91,False
dew9f8,This is a good point and it‚Äôs ridiculous that she is even famous,https://i.redd.it/y1l5koqzi9r31.jpg,61,False
dewdt8,i laughed my head off hah lel,https://i.redd.it/s9sqia6nl9r31.jpg,55,False
desx3w,i got bored in class and made this,https://i.redd.it/8zma3o4mw7r31.jpg,156,False
deku37,Tom cruise,https://i.redd.it/9v2e7kaiy4r31.jpg,1062,False
deihh5,Sophistication 100,https://i.redd.it/8waul87404r31.jpg,2682,False
dehpzl,One step closer to heaven,https://i.redd.it/c0sv9llul3r31.jpg,6125,False
dewnab,Spooky Boi,https://i.redd.it/mv4u4l2er9r31.jpg,43,False
dewdb0,I did it and I'm so happy!,https://i.redd.it/d18b90ybl9r31.jpg,48,False
deunag,this is my mans,https://i.redd.it/3e9it7jln8r31.jpg,86,False
dejrlk,It's not this one,https://i.redd.it/5kwikch1k4r31.jpg,1322,False
deo2v7,This sub as graffiti,https://i.redd.it/wbq81rpt36r31.jpg,416,False
dew3uv,This is big brain time,https://i.redd.it/2un88ewof9r31.jpg,53,False
deoulu,Me hugging my girlfriend in the concert yesterday,https://i.redd.it/mc8d8x4fd6r31.jpg,338,False
devsv4,S8n back at it again,https://i.redd.it/mvc6g1mb99r31.jpg,54,False
depb3v,Chaotic Evil,https://i.redd.it/txchqym0j6r31.png,292,False
deqje3,Bloody legend,https://i.redd.it/h2s6phkmy6r31.png,219,False
deo6lv,We did the thing,https://i.redd.it/9wzqkwr456r31.jpg,362,False
devp9r,OGs will understand,https://i.redd.it/mhtaabe779r31.jpg,55,False
deuiku,I made a little fort for my lonely self,https://i.redd.it/n35lkhefl8r31.jpg,79,False
dett8q,"Oh, you‚Äôre approaching me?",https://i.redd.it/3mzskmf9a8r31.jpg,94,False
deo25c,Ima pussy slayer for sure,https://i.redd.it/9gblmwuk36r31.jpg,358,False
devvyy,How to get upvotes: Fake a text message convo,https://i.redd.it/xkqrcdf4b9r31.png,51,False
devvf8,Very nice,https://i.redd.it/9vwe2heva9r31.jpg,52,False
deqqqe,It be like that,https://i.redd.it/pd5kwyu917r31.png,194,False
dew8cn,Me and the boys bout to leave school early from the protests,https://i.redd.it/e0p4p1xai9r31.jpg,43,False
der3uz,I would count that as a ful point,https://i.redd.it/tflio8j967r31.png,168,False
deh4ak,Smart gang,https://i.redd.it/2hqlwl3z83r31.jpg,3934,False
dewzw7,Our college has a pretty good meme account I fucking love it,https://i.redd.it/go0gkjgpz9r31.jpg,30,False
dew5c7,I am Buisnessman...*snaps,https://i.redd.it/7f5q2dhkg9r31.jpg,42,False
dews23,This is relatable right,https://i.redd.it/qgvlg4mku9r31.jpg,32,False
